{
  "mnist": {
    "P_star": 0.3244621264841412,
    "lam": 0.0001,
    "multiclass": true,
    "n": 60000,
    "d": 784,
    "loss_history": [
      2.1969795140940103,
      0.6093533940449584,
      0.4924711350957775,
      0.4445687992279273,
      0.4171200510637134,
      0.39882416321768155,
      0.38552504678759036,
      0.3752993446405003,
      0.3671213333406422,
      0.36038818015896634,
      0.35471952040011706,
      0.3498619788397446,
      0.3456393865123993,
      0.341924932205771,
      0.33862467967111404,
      0.3356673491424682,
      0.3329977320319442,
      0.3305723050115015,
      0.32835622503190354,
      0.32632121914693546,
      0.3244621264841412
    ],
    "final_loss": 0.3244621264841412
  },
  "cifar10": {
    "P_star": 1.7704332084641572,
    "lam": 0.001,
    "multiclass": true,
    "n": 50000,
    "d": 3072,
    "loss_history": [
      2.291430026072653,
      2.0069609402517963,
      1.9346745699881753,
      1.896642327850972,
      1.8722376704749253,
      1.854851135657441,
      1.8415933384868914,
      1.8309961212324977,
      1.8222328174661504,
      1.8147998093047792,
      1.80837057795481,
      1.8027226236675018,
      1.79769811053146,
      1.7931813390053992,
      1.7890851681275715,
      1.7853424645368292,
      1.78190051071247,
      1.7787172276355685,
      1.7757585502003146,
      1.7729965582543783,
      1.7704332084641572
    ],
    "final_loss": 1.7704332084641572
  },
  "rcv1": {
    "P_star": 0.3181447830304164,
    "lam": 1e-05,
    "multiclass": false,
    "n": 20242,
    "d": 47236,
    "loss_history": [
      0.6925541829122699,
      0.638719812062101,
      0.5941847737296959,
      0.5569815552498615,
      0.5255516615462382,
      0.4986933370634754,
      0.4754886337490948,
      0.4552358799202396,
      0.43739530743671706,
      0.42154784308535165,
      0.40736468312208374,
      0.39458502941572837,
      0.3829997941609107,
      0.37243961069800774,
      0.362765942636842,
      0.3538644294102392,
      0.3456398566158993,
      0.3380123165392763,
      0.33091424847613604,
      0.32428813559041125,
      0.3181447830304164
    ],
    "final_loss": 0.3181447830304164
  },
  "covtype": {
    "P_star": 0.6432028261168092,
    "lam": 1e-05,
    "multiclass": false,
    "n": 290506,
    "d": 54,
    "loss_history": [
      0.6931030140742933,
      0.688918376786667,
      0.685101846625902,
      0.6815747271884368,
      0.6782898241329395,
      0.6752126299502973,
      0.6723160638373039,
      0.6695783242144212,
      0.6669816265505745,
      0.6645113114030374,
      0.6621551732088125,
      0.6599029455674386,
      0.6577459040035565,
      0.655676558369554,
      0.6536884139615814,
      0.6517757853960255,
      0.6499336510438299,
      0.6481575386819105,
      0.6464434352099805,
      0.6447877149556135,
      0.6432028261168092
    ],
    "final_loss": 0.6432028261168092
  }
}