{
  "mnist": {
    "P_star": 0.2672870543934267,
    "lam": 0.0001,
    "multiclass": true,
    "n": 60000,
    "d": 784,
    "loss_history": [
      2.302585092994046,
      0.36271309538198615,
      0.32303286600779296,
      0.31050847621833666,
      0.2995912688019159,
      0.2938763378992178,
      0.2903290683813955,
      0.2870170783760011,
      0.2841867864446007,
      0.28243140821832513,
      0.2807960214234455,
      0.2792666436566461,
      0.2781418338373045,
      0.2772124967153518,
      0.2762904719257375,
      0.2753940631554451,
      0.27485223946577847,
      0.27424802498917256,
      0.27363549773411017,
      0.2731596486199058,
      0.2727229712085364,
      0.2722681820518575,
      0.27185617707393583,
      0.2715651812240556,
      0.27124779711486,
      0.2709557510763878,
      0.2707112717561697,
      0.2704907351649952,
      0.27025161090240624,
      0.27003029837609255,
      0.2698852847547243,
      0.26971122771018285,
      0.26953164845629307,
      0.26939083265486075,
      0.26926841029083387,
      0.26913485560436035,
      0.26900655258931905,
      0.268911111053056,
      0.26882192724932485,
      0.2687151670477183,
      0.26862778192955156,
      0.2685539468206214,
      0.2684790673204351,
      0.2683985818483813,
      0.268339253151319,
      0.2682772451214376,
      0.2682172206050928,
      0.26816026603464754,
      0.26811448608076577,
      0.26806651812108656,
      0.26801488904856763,
      0.2679759712082493,
      0.26794092838247047,
      0.26789811294580873,
      0.2678598154736463,
      0.26783399719512857,
      0.26780302841181564,
      0.26777112085609367,
      0.26774548939464304,
      0.2677226257479527,
      0.267694008106237,
      0.2676675065922832,
      0.26764780522495546,
      0.26762522337719774,
      0.2676038224727387,
      0.2675859471853011,
      0.2675686007128842,
      0.2675494696065961,
      0.26753186970283926,
      0.2675198636423439,
      0.26750469410388855,
      0.2674901017814739,
      0.2674774313484191,
      0.26746573014243336,
      0.26745269293360197,
      0.2674398998990273,
      0.2674306126388068,
      0.2674214672759337,
      0.26741041877523697,
      0.26740138005326136,
      0.267394469453813,
      0.2673855346173135,
      0.26737671090554077,
      0.2673700352706847,
      0.2673628529939811,
      0.2673559502179224,
      0.26734938848573314,
      0.2673445320169045,
      0.2673383172935164,
      0.2673320822436545,
      0.2673273019501749,
      0.2673223923482192,
      0.26731700741821046,
      0.2673122268843434,
      0.2673089703101237,
      0.2673049733251741,
      0.26730081899507163,
      0.2672974898227162,
      0.26729400864857333,
      0.2672905820850404,
      0.26728708262969025
    ],
    "final_loss": 0.26728708262969025
  },
  "cifar10": {
    "P_star": 1.7704332084641572,
    "lam": 0.001,
    "multiclass": true,
    "n": 50000,
    "d": 3072,
    "loss_history": [
      2.291430026072653,
      2.0069609402517963,
      1.9346745699881753,
      1.896642327850972,
      1.8722376704749253,
      1.854851135657441,
      1.8415933384868914,
      1.8309961212324977,
      1.8222328174661504,
      1.8147998093047792,
      1.80837057795481,
      1.8027226236675018,
      1.79769811053146,
      1.7931813390053992,
      1.7890851681275715,
      1.7853424645368292,
      1.78190051071247,
      1.7787172276355685,
      1.7757585502003146,
      1.7729965582543783,
      1.7704332084641572
    ],
    "final_loss": 1.7704332084641572
  },
  "rcv1": {
    "P_star": 0.3181447830304164,
    "lam": 1e-05,
    "multiclass": false,
    "n": 20242,
    "d": 47236,
    "loss_history": [
      0.6925541829122699,
      0.638719812062101,
      0.5941847737296959,
      0.5569815552498615,
      0.5255516615462382,
      0.4986933370634754,
      0.4754886337490948,
      0.4552358799202396,
      0.43739530743671706,
      0.42154784308535165,
      0.40736468312208374,
      0.39458502941572837,
      0.3829997941609107,
      0.37243961069800774,
      0.362765942636842,
      0.3538644294102392,
      0.3456398566158993,
      0.3380123165392763,
      0.33091424847613604,
      0.32428813559041125,
      0.3181447830304164
    ],
    "final_loss": 0.3181447830304164
  },
  "covtype": {
    "P_star": 0.6432028261168092,
    "lam": 1e-05,
    "multiclass": false,
    "n": 290506,
    "d": 54,
    "loss_history": [
      0.6931030140742933,
      0.688918376786667,
      0.685101846625902,
      0.6815747271884368,
      0.6782898241329395,
      0.6752126299502973,
      0.6723160638373039,
      0.6695783242144212,
      0.6669816265505745,
      0.6645113114030374,
      0.6621551732088125,
      0.6599029455674386,
      0.6577459040035565,
      0.655676558369554,
      0.6536884139615814,
      0.6517757853960255,
      0.6499336510438299,
      0.6481575386819105,
      0.6464434352099805,
      0.6447877149556135,
      0.6432028261168092
    ],
    "final_loss": 0.6432028261168092
  }
}