{
  "mnist": {
    "P_star": 0.32446212648414124,
    "lam": 0.0001,
    "multiclass": true,
    "n": 60000,
    "d": 784,
    "loss_history": [
      2.1969795140940103,
      0.6093533940449584,
      0.49247113509577745,
      0.44456879922792736,
      0.4171200510637134,
      0.39882416321768155,
      0.38552504678759036,
      0.3752993446405003,
      0.36712133334064223,
      0.36038818015896634,
      0.3547195204001171,
      0.3498619788397446,
      0.3456393865123993,
      0.341924932205771,
      0.3386246796711141,
      0.33566734914246826,
      0.3329977320319442,
      0.3305723050115015,
      0.32835622503190354,
      0.3263212191469354,
      0.32446212648414124
    ],
    "final_loss": 0.32446212648414124
  },
  "cifar10": {
    "P_star": 1.7704332084641572,
    "lam": 0.001,
    "multiclass": true,
    "n": 50000,
    "d": 3072,
    "loss_history": [
      2.291430026072653,
      2.0069609402517967,
      1.9346745699881758,
      1.896642327850972,
      1.872237670474925,
      1.8548511356574415,
      1.8415933384868914,
      1.8309961212324979,
      1.8222328174661506,
      1.814799809304779,
      1.8083705779548105,
      1.8027226236675022,
      1.79769811053146,
      1.7931813390053992,
      1.7890851681275712,
      1.7853424645368292,
      1.7819005107124701,
      1.7787172276355683,
      1.7757585502003141,
      1.7729965582543783,
      1.7704332084641572
    ],
    "final_loss": 1.7704332084641572
  },
  "rcv1": {
    "P_star": 0.6120651761675945,
    "lam": 1e-05,
    "multiclass": false,
    "n": 16193,
    "d": 47236,
    "loss_history": [
      0.6930997015909732,
      0.6883916007559788,
      0.6837612496944805,
      0.6792070865930401,
      0.6747275666849972,
      0.6703211638306261,
      0.6659863719238008,
      0.6617217061325318,
      0.6575257039813494,
      0.6533969262839797,
      0.6493339579350573,
      0.6453354085697898,
      0.641399913100544,
      0.637526132139265,
      0.6337127523145027,
      0.6299584864916041,
      0.6262620739043578,
      0.6226222802060544,
      0.6190378974475689,
      0.6155077439896919,
      0.6120651761675945
    ],
    "final_loss": 0.6120651761675945
  },
  "covtype": {
    "P_star": 0.6670516432175347,
    "lam": 1e-05,
    "multiclass": false,
    "n": 290506,
    "d": 54,
    "loss_history": [
      0.6807838161039768,
      0.6772932230689156,
      0.6761906191399362,
      0.6754113022382363,
      0.6747575863570116,
      0.6741509398878759,
      0.6735747309877053,
      0.6730169285740569,
      0.6724781969182063,
      0.6719536580270545,
      0.6714425411377032,
      0.6709474839944317,
      0.6704664199500279,
      0.6699954080741523,
      0.6695393330504686,
      0.6690959963282349,
      0.6686634716841152,
      0.6682430339696112,
      0.6678343163887367,
      0.6674355632166433,
      0.6670516432175347
    ],
    "final_loss": 0.6670516432175347
  }
}