{
  "sdca": {
    "passes": [
      1.0,
      2.0,
      3.0,
      4.0,
      5.0,
      6.0,
      7.0,
      8.0,
      9.0,
      10.0,
      11.0,
      12.0,
      13.0,
      14.0,
      15.0,
      16.0,
      17.0,
      18.0,
      19.0,
      20.0,
      21.0,
      22.0,
      23.0,
      24.0,
      25.0,
      26.0,
      27.0,
      28.0,
      29.0,
      30.0,
      31.0,
      32.0,
      33.0,
      34.0,
      35.0,
      36.0,
      37.0,
      38.0,
      39.0,
      40.0,
      41.0,
      42.0,
      43.0,
      44.0,
      45.0,
      46.0,
      47.0,
      48.0,
      49.0,
      50.0,
      51.0,
      52.0,
      53.0,
      54.0,
      55.0,
      56.0,
      57.0,
      58.0,
      59.0,
      60.0,
      61.0,
      62.0,
      63.0,
      64.0,
      65.0,
      66.0,
      67.0,
      68.0,
      69.0,
      70.0,
      71.0,
      72.0,
      73.0,
      74.0,
      75.0,
      76.0,
      77.0,
      78.0,
      79.0,
      80.0,
      81.0,
      82.0,
      83.0,
      84.0,
      85.0,
      86.0,
      87.0,
      88.0,
      89.0,
      90.0,
      91.0
    ],
    "training_loss": [
      0.31545857451081605,
      1.6915188590751242,
      1.5644184096709197,
      1.8814876589657876,
      1.9460646791462501,
      2.317195902429859,
      2.6779421497667135,
      1.9136112119123339,
      2.135286792460299,
      1.9649228559356076,
      1.6837467580527414,
      1.558809727792252,
      1.6252090409208009,
      3.0315696424205023,
      1.810474889847254,
      1.9273574720740891,
      1.6421994127378632,
      2.072343079503713,
      2.0769906368732634,
      1.6141122334976106,
      1.7450052020142153,
      2.150943120003138,
      1.9207733799515114,
      1.8168908936667432,
      1.5810153373860516,
      1.772444826067257,
      1.9343328216426603,
      1.924986245337661,
      2.5955925814147442,
      2.215593860234366,
      1.7076334522453207,
      2.2463823992322913,
      1.69315348433954,
      2.317608304990888,
      1.8228040831017118,
      1.5914821105313077,
      1.9264142872327805,
      1.6990299618430822,
      1.9148579843942628,
      1.762710643182271,
      2.2875521552180187,
      1.627099903510136,
      2.0482188320378842,
      1.5868772948028558,
      1.853323479952497,
      1.5502605598034007,
      1.75029951787987,
      2.4409697639069163,
      1.6583448871174409,
      2.013587619132691,
      1.928327437813749,
      2.027515906515755,
      1.6274136592950195,
      2.030440541280125,
      1.7080736097315603,
      2.1088771320844515,
      1.7664655421085733,
      1.7860925676413404,
      1.7035222109027959,
      2.0763427780315142,
      1.8273606199097334,
      1.6499595569809054,
      1.6229647278676531,
      2.1689005616096346,
      1.9785630000397245,
      2.0956369372409505,
      2.587760388637385,
      1.6211155276437519,
      2.2894138321249393,
      2.305284254898488,
      2.1086035649137487,
      1.88075864974323,
      2.2746830865857732,
      1.7861937703872783,
      1.8670080214829987,
      1.541650304281932,
      1.8566236048692581,
      2.2787582037332093,
      2.185375472259205,
      1.931342052329802,
      1.7600863875182915,
      1.9619290121870305,
      2.0906129348715172,
      1.682098721049722,
      1.9275773782010792,
      1.9693484390493152,
      1.7423258520793743,
      1.9548002800517288,
      2.034023684769529,
      1.9496373110660663,
      1.7783496571240178
    ],
    "loss_residual": [
      -0.009003551973325141,
      1.367056732590983,
      1.2399562831867785,
      1.5570255324816464,
      1.621602552662109,
      1.992733775945718,
      2.3534800232825726,
      1.5891490854281927,
      1.8108246659761578,
      1.6404607294514664,
      1.3592846315686002,
      1.2343476013081107,
      1.3007469144366597,
      2.707107515936361,
      1.4860127633631128,
      1.602895345589948,
      1.317737286253722,
      1.7478809530195718,
      1.7525285103891222,
      1.2896501070134694,
      1.420543075530074,
      1.8264809935189967,
      1.5963112534673702,
      1.492428767182602,
      1.2565532109019104,
      1.4479826995831158,
      1.609870695158519,
      1.6005241188535198,
      2.271130454930603,
      1.891131733750225,
      1.3831713257611795,
      1.9219202727481501,
      1.3686913578553987,
      1.9931461785067468,
      1.4983419566175706,
      1.2670199840471665,
      1.6019521607486393,
      1.374567835358941,
      1.5903958579101216,
      1.4382485166981298,
      1.9630900287338775,
      1.3026377770259947,
      1.723756705553743,
      1.2624151683187146,
      1.5288613534683557,
      1.2257984333192595,
      1.4258373913957287,
      2.1165076374227754,
      1.3338827606332997,
      1.68912549264855,
      1.6038653113296077,
      1.703053780031614,
      1.3029515328108783,
      1.705978414795984,
      1.3836114832474191,
      1.7844150056003103,
      1.4420034156244321,
      1.4616304411571992,
      1.3790600844186547,
      1.751880651547373,
      1.5028984934255922,
      1.3254974304967642,
      1.298502601383512,
      1.8444384351254934,
      1.6541008735555833,
      1.7711748107568093,
      2.263298262153244,
      1.2966534011596107,
      1.9649517056407981,
      1.9808221284143468,
      1.7841414384296075,
      1.5562965232590888,
      1.950220960101632,
      1.4617316439031371,
      1.5425458949988575,
      1.2171881777977909,
      1.532161478385117,
      1.954296077249068,
      1.860913345775064,
      1.6068799258456608,
      1.4356242610341503,
      1.6374668857028893,
      1.766150808387376,
      1.3576365945655808,
      1.603115251716938,
      1.644886312565174,
      1.417863725595233,
      1.6303381535675876,
      1.7095615582853878,
      1.6251751845819251,
      1.4538875306398766
    ],