{
  "sgd_best": {
    "passes": [
      1.0,
      2.0,
      3.0,
      4.0,
      5.0,
      6.0,
      7.0,
      8.0,
      9.0,
      10.0,
      11.0,
      12.0,
      13.0,
      14.0,
      15.0,
      16.0,
      17.0,
      18.0,
      19.0,
      20.0,
      21.0,
      22.0,
      23.0,
      24.0,
      25.0,
      26.0,
      27.0,
      28.0,
      29.0,
      30.0,
      31.0,
      32.0,
      33.0,
      34.0,
      35.0,
      36.0,
      37.0,
      38.0,
      39.0,
      40.0,
      41.0,
      42.0,
      43.0,
      44.0,
      45.0,
      46.0,
      47.0,
      48.0,
      49.0,
      50.0,
      51.0,
      52.0,
      53.0,
      54.0,
      55.0,
      56.0,
      57.0,
      58.0,
      59.0,
      60.0,
      61.0,
      62.0,
      63.0,
      64.0,
      65.0,
      66.0,
      67.0,
      68.0,
      69.0,
      70.0,
      71.0,
      72.0,
      73.0,
      74.0,
      75.0,
      76.0,
      77.0,
      78.0,
      79.0,
      80.0,
      81.0,
      82.0,
      83.0,
      84.0,
      85.0,
      86.0,
      87.0,
      88.0,
      89.0,
      90.0,
      91.0
    ],
    "training_loss": [
      0.31545857451081605,
      0.48571840921936743,
      0.42115695303900563,
      0.35139464128695724,
      0.31011599066484363,
      0.2978374926018425,
      0.30104827360454656,
      0.2947127275577768,
      0.28527072125558195,
      0.2833171040288728,
      0.28018819460940014,
      0.27763044109069296,
      0.2791950312631959,
      0.27910317068443735,
      0.28878765971147524,
      0.27729330185306944,
      0.2746900126212904,
      0.2852065247431474,
      0.27789686493238563,
      0.2725318587697238,
      0.2747594024552352,
      0.2788547542850311,
      0.27569986569567806,
      0.2721322216638484,
      0.2711425483242029,
      0.27187331641906903,
      0.27629417089014285,
      0.2758500885493864,
      0.27371111869133313,
      0.2735076943297153,
      0.2714350996962089,
      0.2721769248404064,
      0.27563816631959437,
      0.27416501499553825,
      0.27420762102778207,
      0.27026242687364754,
      0.2719175740461369,
      0.27413536604436245,
      0.271294751688971,
      0.2698748493547829,
      0.27006689544813156,
      0.27126234079884626,
      0.27353689098654804,
      0.2708542154622851,
      0.2696523063718345,
      0.2689720498107167,
      0.2698575946337823,
      0.2694442003641875,
      0.26890588617038785,
      0.27222165529860165,
      0.270150690675384,
      0.2708231005518642,
      0.27175185708015787,
      0.2700449773964892,
      0.2693209915751197,
      0.2688030472679739,
      0.2698411983537866,
      0.27043271774620237,
      0.26869545783017723,
      0.27069168675000405,
      0.26974180799672426,
      0.27084597803158406,
      0.2689345899668407,
      0.27181896508049724,
      0.26879068261258965,
      0.26833589528986596,
      0.2695430246399619,
      0.26872870650813024,
      0.2689572635324116,
      0.2685357563887419,
      0.2685482643136282,
      0.26910267815490435,
      0.26791307507040474,
      0.2684869324867076,
      0.26839805008282425,
      0.2687652487091036,
      0.26886827893015375,
      0.26895914862628184,
      0.27016340609926387,
      0.26813070224528646,
      0.26912248169835706,
      0.26910307329317,
      0.26839358677936803,
      0.2684028758220934,
      0.26812659395672644,
      0.27023777221565454,
      0.2682822749446975,
      0.2691055674249931,
      0.26804900118368874,
      0.26949365042955026,
      0.26829404807682655
    ],
    "loss_residual": [
      0.048171520117389344,
      0.21843135482594073,
      0.15386989864557893,
      0.08410758689353054,
      0.04282893627141693,
      0.030550438208415798,
      0.03376121921111985,
      0.027425673164350073,
      0.017983666862155245,
      0.016030049635446075,
      0.012901140215973439,
      0.010343386697266255,
      0.011907976869769188,
      0.011816116291010648,
      0.021500605318048538,
      0.010006247459642736,
      0.007402958227863687,
      0.01791947034972069,
      0.01060981053895893,
      0.005244804376297096,
      0.00747234806180852,
      0.011567699891604388,
      0.008412811302251355,
      0.004845167270421669,
      0.0038554939307762215,
      0.004586262025642329,
      0.00900711649671615,
      0.008563034155959715,
      0.006424064297906429,
      0.0062206399362885745,
      0.004148045302782177,
      0.004889870446979694,
      0.008351111926167665,
      0.006877960602111544,
      0.006920566634355363,
      0.0029753724802208392,
      0.004630519652710219,
      0.0068483116509357456,
      0.004007697295544288,
      0.0025877949613561935,
      0.002779841054704857,
      0.003975286405419554,
      0.0062498365931213384,
      0.0035671610688584043,
      0.002365251978407812,
      0.0016849954172900028,
      0.002570540240355579,
      0.0021571459707607765,
      0.0016188317769611493,
      0.004934600905174946,
      0.0028636362819572936,
      0.0035360461584375003,
      0.004464802686731162,
      0.00275792300306249,
      0.0020339371816929797,
      0.0015159928745471785,
      0.0025541439603599114,
      0.0031456633527756628,
      0.0014084034367505271,
      0.0034046323565773418,
      0.0024547536032975548,
      0.003558923638157352,
      0.0016475355734140162,
      0.0045319106870705395,
      0.0015036282191629446,
      0.0010488408964392515,
      0.002255970246535177,
      0.00144165211470354,
      0.0016702091389849127,
      0.0012487019953151823,
      0.0012612099202015115,
      0.0018156237614776471,
      0.0006260206769780341,
      0.0011998780932808706,
      0.0011109956893975426,
      0.0014781943156769173,
      0.0015812245367270439,
      0.001672094232855137,
      0.0028763517058371657,
      0.0008436478518597523,
      0.0018354273049303593,
      0.0018160188997433102,
      0.0011065323859413279,
      0.0011158214286666746,
      0.0008395395632997404,
      0.002950717822227833,
      0.0009952205512707701,
      0.0018185130315663822,
      0.0007619467902620358,
      0.0022065960361235537,
      0.0010069936833998483
    ],