{
  "sgd_best": {
    "passes": [
      1.0,
      2.0,
      3.0,
      4.0,
      5.0,
      6.0,
      7.0,
      8.0,
      9.0,
      10.0,
      11.0,
      12.0,
      13.0,
      14.0,
      15.0,
      16.0,
      17.0,
      18.0,
      19.0,
      20.0,
      21.0,
      22.0,
      23.0,
      24.0,
      25.0,
      26.0,
      27.0,
      28.0,
      29.0,
      30.0,
      31.0,
      32.0,
      33.0,
      34.0,
      35.0,
      36.0,
      37.0,
      38.0,
      39.0,
      40.0,
      41.0,
      42.0,
      43.0,
      44.0,
      45.0,
      46.0,
      47.0,
      48.0,
      49.0,
      50.0,
      51.0,
      52.0,
      53.0,
      54.0,
      55.0,
      56.0,
      57.0,
      58.0,
      59.0,
      60.0,
      61.0,
      62.0,
      63.0,
      64.0,
      65.0,
      66.0,
      67.0,
      68.0,
      69.0,
      70.0,
      71.0,
      72.0,
      73.0,
      74.0,
      75.0,
      76.0,
      77.0,
      78.0,
      79.0,
      80.0,
      81.0,
      82.0,
      83.0,
      84.0,
      85.0,
      86.0,
      87.0,
      88.0,
      89.0,
      90.0,
      91.0
    ],
    "training_loss": [
      0.31545857451081605,
      0.48571840921936743,
      0.42115695303900563,
      0.35139464128695724,
      0.31011599066484363,
      0.2978374926018425,
      0.30104827360454656,
      0.2947127275577768,
      0.28527072125558195,
      0.2833171040288728,
      0.28018819460940014,
      0.27763044109069296,
      0.2791950312631959,
      0.27910317068443735,
      0.28878765971147524,
      0.27729330185306944,
      0.2746900126212904,
      0.2852065247431474,
      0.27789686493238563,
      0.2725318587697238,
      0.2747594024552352,
      0.2788547542850311,
      0.27569986569567806,
      0.2721322216638484,
      0.2711425483242029,
      0.27187331641906903,
      0.27629417089014285,
      0.2758500885493864,
      0.27371111869133313,
      0.2735076943297153,
      0.2714350996962089,
      0.2721769248404064,
      0.27563816631959437,
      0.27416501499553825,
      0.27420762102778207,
      0.27026242687364754,
      0.2719175740461369,
      0.27413536604436245,
      0.271294751688971,
      0.2698748493547829,
      0.27006689544813156,
      0.27126234079884626,
      0.27353689098654804,
      0.2708542154622851,
      0.2696523063718345,
      0.2689720498107167,
      0.2698575946337823,
      0.2694442003641875,
      0.26890588617038785,
      0.27222165529860165,
      0.270150690675384,
      0.2708231005518642,
      0.27175185708015787,
      0.2700449773964892,
      0.2693209915751197,
      0.2688030472679739,
      0.2698411983537866,
      0.27043271774620237,
      0.26869545783017723,
      0.27069168675000405,
      0.26974180799672426,
      0.27084597803158406,
      0.2689345899668407,
      0.27181896508049724,
      0.26879068261258965,
      0.26833589528986596,
      0.2695430246399619,
      0.26872870650813024,
      0.2689572635324116,
      0.2685357563887419,
      0.2685482643136282,
      0.26910267815490435,
      0.26791307507040474,
      0.2684869324867076,
      0.26839805008282425,
      0.2687652487091036,
      0.26886827893015375,
      0.26895914862628184,
      0.27016340609926387,
      0.26813070224528646,
      0.26912248169835706,
      0.26910307329317,
      0.26839358677936803,
      0.2684028758220934,
      0.26812659395672644,
      0.27023777221565454,
      0.2682822749446975,
      0.2691055674249931,
      0.26804900118368874,
      0.26949365042955026,
      0.26829404807682655
    ],
    "loss_residual": [
      -0.009003551973325141,
      0.16125628273522624,
      0.09669482655486444,
      0.026932514802816054,
      -0.014346135819297556,
      -0.026624633882298687,
      -0.023413852879594632,
      -0.029749398926364412,
      -0.03919140522855924,
      -0.04114502245526841,
      -0.044273931874741046,
      -0.04683168539344823,
      -0.0452670952209453,
      -0.04535895579970384,
      -0.03567446677266595,
      -0.04716882463107175,
      -0.0497721138628508,
      -0.039255601740993795,
      -0.046565261551755555,
      -0.05193026771441739,
      -0.049702724028905965,
      -0.0456073721991101,
      -0.04876226078846313,
      -0.052329904820292816,
      -0.05331957815993826,
      -0.052588810065072156,
      -0.048167955593998335,
      -0.04861203793475477,
      -0.050751007792808056,
      -0.05095443215442591,
      -0.05302702678793231,
      -0.05228520164373479,
      -0.04882396016454682,
      -0.05029711148860294,
      -0.05025450545635912,
      -0.054199699610493646,
      -0.052544552438004266,
      -0.05032676043977874,
      -0.0531673747951702,
      -0.05458727712935829,
      -0.05439523103600963,
      -0.05319978568529493,
      -0.050925235497593146,
      -0.05360791102185608,
      -0.05480982011230667,
      -0.05549007667342448,
      -0.054604531850358906,
      -0.05501792611995371,
      -0.055556240313753336,
      -0.05224047118553954,
      -0.05431143580875719,
      -0.053639025932276985,
      -0.05271026940398332,
      -0.054417149087651995,
      -0.055141134909021505,
      -0.055659079216167306,
      -0.054620928130354574,
      -0.05402940873793882,
      -0.05576666865396396,
      -0.05377043973413714,
      -0.05472031848741693,
      -0.05361614845255713,
      -0.05552753651730047,
      -0.052643161403643945,
      -0.05567144387155154,
      -0.05612623119427523,
      -0.05491910184417931,
      -0.055733419976010945,
      -0.05550486295172957,
      -0.0559263700953993,
      -0.055913862170512973,
      -0.05535944832923684,
      -0.05654905141373645,
      -0.055975193997433614,
      -0.05606407640131694,
      -0.05569687777503757,
      -0.05559384755398744,
      -0.05550297785785935,
      -0.05429872038487732,
      -0.05633142423885473,
      -0.055339644785784126,
      -0.055359053190971175,
      -0.05606853970477316,
      -0.05605925066204781,
      -0.056335532527414744,
      -0.05422435426848665,
      -0.056179851539443715,
      -0.0553565590591481,
      -0.05641312530045245,
      -0.05496847605459093,
      -0.05616807840731464
    ],