{
  "sgd_best": {
    "passes": [
      0.0,
      1.0,
      2.0,
      3.0,
      4.0,
      5.0,
      6.0,
      7.0,
      8.0,
      9.0,
      10.0,
      11.0,
      12.0,
      13.0,
      14.0,
      15.0,
      16.0,
      17.0,
      18.0,
      19.0,
      20.0,
      21.0,
      22.0,
      23.0,
      24.0,
      25.0,
      26.0,
      27.0,
      28.0,
      29.0,
      30.0,
      31.0,
      32.0,
      33.0,
      34.0,
      35.0,
      36.0,
      37.0,
      38.0,
      39.0,
      40.0,
      41.0,
      42.0,
      43.0,
      44.0,
      45.0,
      46.0,
      47.0,
      48.0,
      49.0,
      50.0,
      51.0,
      52.0,
      53.0,
      54.0,
      55.0,
      56.0,
      57.0,
      58.0,
      59.0,
      60.0,
      61.0,
      62.0,
      63.0,
      64.0,
      65.0,
      66.0,
      67.0,
      68.0,
      69.0,
      70.0,
      71.0,
      72.0,
      73.0,
      74.0,
      75.0,
      76.0,
      77.0,
      78.0,
      79.0,
      80.0,
      81.0,
      82.0,
      83.0,
      84.0,
      85.0,
      86.0,
      87.0,
      88.0,
      89.0,
      90.0
    ],
    "training_loss": [
      2.3025850929940463,
      0.8672011451095649,
      1.1002180899312097,
      0.8779665467534992,
      0.7386745653099145,
      0.8947408596209709,
      1.2009078586513162,
      0.8255500497816347,
      0.7802820680984779,
      0.9911879087538629,
      1.1946755057064182,
      0.8657181217981761,
      0.7769454974307055,
      0.9859839132277757,
      0.7853431297526166,
      0.8628500626359877,
      0.8113344570200545,
      0.9459334739790117,
      1.0910858595635127,
      0.7875014752787983,
      0.8693523395732673,
      1.1265091431265126,
      0.8697106045165495,
      0.8605573438220755,
      0.9681585487620548,
      0.9567230251842433,
      1.2042245724364158,
      0.9381211497369292,
      0.9472216089345408,
      0.8657480279826347,
      0.8657509618746936,
      1.1155758222415904,
      0.974878346307518,
      1.3683682120594158,
      0.8584462747056179,
      0.9036395491177429,
      0.806494574544344,
      0.9589029567456943,
      0.9064408767844634,
      0.9558482209652316,
      0.8210876277101332,
      1.0523016634118996,
      1.0912869746097298,
      0.8482261481048927,
      0.8688331005689482,
      0.8083035900331322,
      0.8181741095226862,
      0.9243319489547205,
      0.8496018449376364,
      0.8035378739212284,
      1.0061335582673394,
      0.8361604710956969,
      0.8676509129706266,
      1.009051866285026,
      0.8745076483607886,
      0.8242765106982393,
      0.9630582605697003,
      0.9667390316548715,
      0.8915116410632542,
      1.0686089100847425,
      0.8642632616812493,
      0.9405414847951485,
      0.8591300818166053,
      0.8546987689758918,
      0.8876440765012267,
      0.8312565350296122,
      0.8180157959236564,
      1.272452068682539,
      1.0620480001395012,
      0.7676023660552989,
      0.7827811474743295,
      1.1566579432421493,
      0.8834268904358611,
      0.7777635807709002,
      0.7482831593037593,
      0.9609369514248512,
      0.8572128848407258,
      0.8640973413064841,
      0.9649632602643912,
      0.8414377567940988,
      0.8705461109057236,
      0.7258603754104102,
      0.8769158615788536,
      0.9424712024920452,
      0.864012411556597,
      0.7993974965550417,
      0.8814108431335048,
      0.8045826089459331,
      0.872245595245138,
      0.9167280850744705,
      0.8733201426343561
    ],
    "loss_residual": [
      2.0352980386006196,
      0.5999140907161382,
      0.832931035537783,
      0.6106794923600725,
      0.4713875109164878,
      0.6274538052275442,
      0.9336208042578895,
      0.558262995388208,
      0.5129950137050512,
      0.7239008543604362,
      0.9273884513129915,
      0.5984310674047494,
      0.5096584430372788,
      0.718696858834349,
      0.5180560753591898,
      0.595563008242561,
      0.5440474026266278,
      0.678646419585585,
      0.823798805170086,
      0.5202144208853716,
      0.6020652851798406,
      0.8592220887330859,
      0.6024235501231228,
      0.5932702894286488,
      0.7008714943686281,
      0.6894359707908166,
      0.9369375180429891,
      0.6708340953435025,
      0.6799345545411141,
      0.598460973589208,
      0.5984639074812669,
      0.8482887678481636,
      0.7075912919140913,
      1.1010811576659891,
      0.5911592203121911,
      0.6363524947243162,
      0.5392075201509173,
      0.6916159023522676,
      0.6391538223910367,
      0.6885611665718049,
      0.5538005733167065,
      0.7850146090184729,
      0.8239999202163031,
      0.580939093711466,
      0.6015460461755215,
      0.5410165356397055,
      0.5508870551292595,
      0.6570448945612938,
      0.5823147905442096,
      0.5362508195278017,
      0.7388465038739127,
      0.5688734167022702,
      0.6003638585771999,
      0.7417648118915994,
      0.6072205939673619,
      0.5569894563048126,
      0.6957712061762736,
      0.6994519772614448,
      0.6242245866698275,
      0.8013218556913158,
      0.5969762072878226,
      0.6732544304017218,
      0.5918430274231786,
      0.5874117145824651,
      0.6203570221078,
      0.5639694806361855,
      0.5507287415302297,
      1.0051650142891122,
      0.7947609457460745,
      0.5003153116618722,
      0.5154940930809028,
      0.8893708888487226,
      0.6161398360424344,
      0.5104765263774735,
      0.4809961049103326,
      0.6936498970314245,
      0.5899258304472991,
      0.5968102869130574,
      0.6976762058709645,
      0.5741507024006721,
      0.6032590565122969,
      0.45857332101698345,
      0.6096288071854269,
      0.6751841480986185,
      0.5967253571631703,
      0.532110442161615,
      0.6141237887400781,
      0.5372955545525064,
      0.6049585408517113,
      0.6494410306810438,
      0.6060330882409294
    ],