{
  "svrg": {
    "passes": [
      1.0,
      4.0,
      7.0,
      10.0,
      13.0,
      16.0,
      19.0,
      22.0,
      25.0,
      28.0,
      31.0,
      34.0,
      37.0,
      40.0,
      43.0,
      46.0,
      49.0,
      52.0,
      55.0,
      58.0,
      61.0,
      64.0,
      67.0,
      70.0,
      73.0,
      76.0,
      79.0,
      82.0,
      85.0,
      88.0,
      91.0
    ],
    "training_loss": [
      0.31545857451081605,
      0.2827516882853979,
      0.2720489892878089,
      0.26889310598683897,
      0.2678409517698692,
      0.2674279828030064,
      0.2672927263487667,
      0.2672475976505385,
      0.2672323778643505,
      0.2672247435014119,
      0.26722044613965856,
      0.26721885122400846,
      0.2672182343502334,
      0.26721794097858803,
      0.2672178069066296,
      0.2672177411965579,
      0.2672177109189737,
      0.267217695743992,
      0.2672176882157243,
      0.2672176845303359,
      0.2672176826391663,
      0.26721768167814963,
      0.2672176811918612,
      0.2672176809406547,
      0.26721768081062575,
      0.26721768074350916,
      0.267217680707984,
      0.26721768068969837,
      0.2672176806802061,
      0.26721768067529345,
      0.26721768067271556
    ],
    "loss_residual": [
      -0.009003551973325141,
      -0.041710438198743316,
      -0.05241313719633228,
      -0.055569020497302224,
      -0.05662117471427197,
      -0.0570341436811348,
      -0.05716940013537447,
      -0.057214528833602674,
      -0.05722974861979069,
      -0.05723738298272929,
      -0.057241680344482626,
      -0.05724327526013273,
      -0.05724389213390779,
      -0.05724418550555316,
      -0.05724431957751158,
      -0.0572443852875833,
      -0.05724441556516746,
      -0.05724443074014918,
      -0.05724443826841691,
      -0.05724444195380529,
      -0.0572444438449749,
      -0.05724444480599156,
      -0.05724444529228001,
      -0.05724444554348651,
      -0.05724444567351544,
      -0.05724444574063203,
      -0.05724444577615717,
      -0.05724444579444282,
      -0.05724444580393506,
      -0.057244445808847744,
      -0.057244445811425626
    ],
    "grad_variance": [
      0.0,
      1.5245985683341554,
      0.6834623894769257,
      0.19723588965794195,
      0.07184767765492937,
      0.024304542491137972,
      0.006911301737403119,
      0.002053121856619727,
      0.0006699838393506378,
      0.0004137879336982715,
      0.00019186453716282714,
      4.86466041372396e-05,
      1.389362346765635e-05,
      5.939167412553766e-06,
      2.0370715547783296e-06,
      7.673692186248972e-07,
      2.190400416560465e-07,
      9.66582438502005e-08,
      3.5369097611739435e-08,
      1.0554884373552801e-08,
      5.499549607916232e-09,
      2.009127954319253e-09,
      6.629674619212517e-10,
      4.1259877094803067e-10,
      2.4856588242566765e-10,
      1.3856395756484446e-10,
      9.510057389530502e-11,
      2.980470910641439e-11,
      1.0811622743257703e-11,
      3.0188719433301696e-12,
      2.0146863528700418e-12
    ]
  }
}